{"BANDS": {"eval_0": {"seed": 2114448686, "fitness": 0.8948083547017519, "features": [0, 1, 2, 3, 4, 5, 6, 7, 8, 9, 10], "iou (train)": 0.6047520523259694, "iou (test)": 0.5540148148148148, "pr_auc (train)": 0.8358997626929032, "pr_auc (test)": 0.767743334534922}, "eval_1": {"seed": 1478428511, "fitness": 0.8948083547017519, "features": [0, 1, 2, 3, 4, 5, 6, 7, 8, 9, 10], "iou (train)": 0.6144664753456822, "iou (test)": 0.558357805032533, "pr_auc (train)": 0.8356866160914151, "pr_auc (test)": 0.769301922413133}, "eval_2": {"seed": 1911596129, "fitness": 0.8948083547017519, "features": [0, 1, 2, 3, 4, 5, 6, 7, 8, 9, 10], "iou (train)": 0.6066448729067984, "iou (test)": 0.5441997063142437, "pr_auc (train)": 0.8352305037413137, "pr_auc (test)": 0.7487560960493684}, "eval_3": {"seed": 1515768188, "fitness": 0.8948083547017519, "features": [0, 1, 2, 3, 4, 5, 6, 7, 8, 9, 10], "iou (train)": 0.6043823094501949, "iou (test)": 0.5425902937873145, "pr_auc (train)": 0.837353651302654, "pr_auc (test)": 0.7582573863625479}}, "NORMP_12": {"eval_0": {"seed": 455970049, "fitness": 2.1425933652414875, "features": [23, 105, 97, 43, 25, 15, 111, 22, 66, 102, 19, 31], "iou (train)": 0.5850058267512624, "iou (test)": 0.5369752327419638, "pr_auc (train)": 0.8167889749835131, "pr_auc (test)": 0.7131561548848753}, "eval_1": {"seed": 822967951, "fitness": 1.7326126335060161, "features": [23, 53, 45, 21, 22, 66, 102, 19, 31], "iou (train)": 0.58602982119656, "iou (test)": 0.5603394270744347, "pr_auc (train)": 0.8022009407300825, "pr_auc (test)": 0.7197658800507798}, "eval_2": {"seed": 1997241423, "fitness": 1.686488583049344, "features": [13, 115, 90, 119, 97, 113, 69, 2, 44], "iou (train)": 0.5662505034232783, "iou (test)": 0.5451235525844574, "pr_auc (train)": 0.8169424729112823, "pr_auc (test)": 0.7580340232979256}, "eval_3": {"seed": 1163131355, "fitness": 1.4614887123512492, "features": [23, 119, 107, 111, 22, 6], "iou (train)": 0.5668244020974549, "iou (test)": 0.5374807021556407, "pr_auc (train)": 0.788227162383417, "pr_auc (test)": 0.6964548720932194}}, "NORMP4_12": {"eval_0": {"seed": 2088349055, "fitness": 1.982477104666299, "features": [5378, 4732, 10778, 13816, 5520, 2342, 5403, 4987, 1860, 2530, 11099, 9441], "iou (train)": 0.5787900448372214, "iou (test)": 0.526255248173923, "pr_auc (train)": 0.8149731909440885, "pr_auc (test)": 0.6917419220102031}, "eval_1": {"seed": 1109571325, "fitness": 1.9546360380191694, "features": [11992, 14490, 3551, 791, 4018, 2905, 13683, 7449, 9804, 9315], "iou (train)": 0.5674515328369223, "iou (test)": 0.5309844192634561, "pr_auc (train)": 0.81251973135964, "pr_auc (test)": 0.7365065046380672}, "eval_2": {"seed": 40658270, "fitness": 1.8305734464052665, "features": [2554, 13659, 1930, 4227, 5806, 10360, 8375, 1198, 5822, 14293], "iou (train)": 0.5852783935324032, "iou (test)": 0.5543322438213201, "pr_auc (train)": 0.817789780403904, "pr_auc (test)": 0.7518276520303065}, "eval_3": {"seed": 2016179649, "fitness": 1.6164909096454423, "features": [1344, 468, 14508, 4211, 4871, 3677, 499, 13312], "iou (train)": 0.5636786188579017, "iou (test)": 0.5332122774133083, "pr_auc (train)": 0.807343899335922, "pr_auc (test)": 0.694217434960428}}, "DIST2_12": {"eval_0": {"seed": 890771132, "fitness": 0.4357202032437055, "features": [24, 120], "iou (train)": 0.4531406114700593, "iou (test)": 0.4761211238546028, "pr_auc (train)": 0.6804780910086649, "pr_auc (test)": 0.6653348090276232}, "eval_1": {"seed": 1309132044, "fitness": 0.4275199031967609, "features": [24, 119], "iou (train)": 0.440230887979059, "iou (test)": 0.45059042883778744, "pr_auc (train)": 0.6520001097191306, "pr_auc (test)": 0.6275077428838894}, "eval_2": {"seed": 874597873, "fitness": 0.4357202032437055, "features": [24, 120], "iou (train)": 0.4719683712489468, "iou (test)": 0.47346575748591757, "pr_auc (train)": 0.6573155843815786, "pr_auc (test)": 0.6425505689262563}, "eval_3": {"seed": 1276603631, "fitness": 0.37671063342481154, "features": [24], "iou (train)": 0.0, "iou (test)": 0.0, "pr_auc (train)": 0.06449184885815175, "pr_auc (test)": 0.07604250344071264}}, "NORPP4_12": {"eval_0": {"seed": 1476458568, "fitness": 2.1032534978610076, "features": [2915, 5079, 4789, 1901, 9940, 10439, 9503, 1799, 241, 7740, 7034, 7959], "iou (train)": 0.5852432255958211, "iou (test)": 0.5531532575933226, "pr_auc (train)": 0.8205814659074366, "pr_auc (test)": 0.7306786547838251}, "eval_1": {"seed": 1217157292, "fitness": 1.6948040169341, "features": [13658, 1108, 5531, 9199, 144, 13017, 6813, 3504, 14084], "iou (train)": 0.5766764627304302, "iou (test)": 0.5288736087640581, "pr_auc (train)": 0.8137271965538384, "pr_auc (test)": 0.7197371288875453}, "eval_2": {"seed": 461717929, "fitness": 1.6518940586273128, "features": [5317, 2958, 4926, 13761, 8576, 9968, 4014, 8516, 13562], "iou (train)": 0.5833765896703867, "iou (test)": 0.5497454881999074, "pr_auc (train)": 0.8118972675552472, "pr_auc (test)": 0.7257479354792605}, "eval_3": {"seed": 1033993205, "fitness": 1.5617299348648852, "features": [2905, 2994, 12047, 4790, 9728, 7246, 9149, 6249], "iou (train)": 0.5489632107023411, "iou (test)": 0.5231943628890193, "pr_auc (train)": 0.7957331866006501, "pr_auc (test)": 0.7257261633325769}}, "CVIbased_12": {"eval_0": {"seed": 416774983, "fitness": 2.1905432866156525, "features": [267, 1224, 1047, 829, 242, 4, 1009, 430, 1300, 936, 88, 240], "iou (train)": 0.5874116636946041, "iou (test)": 0.5472636815920398, "pr_auc (train)": 0.8177256247642724, "pr_auc (test)": 0.7365313922306784}, "eval_1": {"seed": 433011589, "fitness": 1.685405453122184, "features": [311, 1075, 952, 702, 841, 1133, 231, 88, 384], "iou (train)": 0.5813123637084517, "iou (test)": 0.5524195852139633, "pr_auc (train)": 0.8101983324531994, "pr_auc (test)": 0.7418466408833306}, "eval_2": {"seed": 620216411, "fitness": 2.024560623900855, "features": [1269, 514, 1229, 222, 262, 888, 1068, 829, 616, 242, 1289], "iou (train)": 0.5820482404112297, "iou (test)": 0.5377627970749543, "pr_auc (train)": 0.8149500784341552, "pr_auc (test)": 0.738229960292001}, "eval_3": {"seed": 756191882, "fitness": 1.691537465108927, "features": [265, 1253, 894, 988, 823, 136, 1093, 6], "iou (train)": 0.5783108643933387, "iou (test)": 0.5471590259517549, "pr_auc (train)": 0.8101241026457189, "pr_auc (test)": 0.7420778656383369}}, "NMDIbased_12": {"eval_0": {"seed": 843663924, "fitness": 1.9378140162305484, "features": [254, 531, 992, 277, 218, 281, 177, 6, 153, 324, 256, 1212], "iou (train)": 0.5816473045294348, "iou (test)": 0.5477625782517969, "pr_auc (train)": 0.8146209022092301, "pr_auc (test)": 0.753814807882355}, "eval_1": {"seed": 812308959, "fitness": 2.0246594480803712, "features": [25, 827, 460, 282, 894, 1252, 812, 1054, 983, 1212, 246], "iou (train)": 0.580375920084122, "iou (test)": 0.5354183685377524, "pr_auc (train)": 0.8158817468802295, "pr_auc (test)": 0.715642824197043}, "eval_2": {"seed": 1847790780, "fitness": 1.9699661768435857, "features": [145, 1296, 756, 105, 218, 894, 142, 779, 264, 925, 1021], "iou (train)": 0.577365686854738, "iou (test)": 0.5395725014442518, "pr_auc (train)": 0.8134601822131013, "pr_auc (test)": 0.7249362598126136}, "eval_3": {"seed": 471498668, "fitness": 1.5269793738424222, "features": [751, 360, 1161, 1243, 414, 1152, 812, 183], "iou (train)": 0.5594146341463415, "iou (test)": 0.5514773247824095, "pr_auc (train)": 0.7857033128867349, "pr_auc (test)": 0.7161393309404949}}, "MCARIbased_12": {"eval_0": {"seed": 1913509380, "fitness": 2.020604381865755, "features": [103, 965, 748, 887, 751, 673, 772, 1214, 314, 739, 19, 654], "iou (train)": 0.6063193851409052, "iou (test)": 0.5682430495844082, "pr_auc (train)": 0.8295603995552125, "pr_auc (test)": 0.7821524961310844}, "eval_1": {"seed": 1467236892, "fitness": 1.6384164279867361, "features": [224, 30, 244, 304, 609, 472, 893, 1159], "iou (train)": 0.5897887323943662, "iou (test)": 0.5367351624382964, "pr_auc (train)": 0.816022771164361,