{"NORMP_12": {"eval_0": {"seed": 845091099, "fitness": 2.011114393342501, "features": [13, 53, 80, 119, 97, 113, 21, 22, 78, 4, 88, 42], "iou (train)": 0.6516506642114954, "iou (test)": 0.5536884557217274, "pr_auc (train)": 0.8695172010113288, "pr_auc (test)": 0.7565822782286018}, "eval_1": {"seed": 1904340774, "fitness": 1.7037316455097227, "features": [13, 109, 21, 22, 6, 41, 102, 101], "iou (train)": 0.635666802333469, "iou (test)": 0.5337622476685161, "pr_auc (train)": 0.8645835927505219, "pr_auc (test)": 0.752255973753891}, "eval_2": {"seed": 83166861, "fitness": 1.746924829889469, "features": [28, 113, 25, 39, 56, 21, 22, 66, 91], "iou (train)": 0.6435420937768667, "iou (test)": 0.5560290942152517, "pr_auc (train)": 0.8660796034907892, "pr_auc (test)": 0.7550312881887463}, "eval_3": {"seed": 1006905634, "fitness": 1.456577937702041, "features": [53, 35, 111, 22, 6, 41], "iou (train)": 0.6300373632239125, "iou (test)": 0.5578336779232713, "pr_auc (train)": 0.8562190653752746, "pr_auc (test)": 0.7631461258929031}}, "NORMP4_12": {"eval_0": {"seed": 1712622519, "fitness": 1.7493860031889308, "features": [13091, 8534, 2666, 1711, 8351, 1114, 4324, 5840, 473, 5016], "iou (train)": 0.6407611950229556, "iou (test)": 0.5503462034972421, "pr_auc (train)": 0.8622656634076593, "pr_auc (test)": 0.7584308286265273}, "eval_1": {"seed": 108166247, "fitness": 1.954018831978362, "features": [14543, 2947, 13157, 4596, 14421, 9335, 7384, 11067, 9385], "iou (train)": 0.6403614457831325, "iou (test)": 0.5434033758181191, "pr_auc (train)": 0.8659714274623856, "pr_auc (test)": 0.7452884339803525}, "eval_2": {"seed": 1552395837, "fitness": 1.782614666816649, "features": [1707, 9191, 11658, 12707, 9668, 5643, 4987, 2174, 9956, 6226], "iou (train)": 0.6351149190806473, "iou (test)": 0.5412061508889957, "pr_auc (train)": 0.8651571492614372, "pr_auc (test)": 0.7641484586906616}, "eval_3": {"seed": 1403920058, "fitness": 1.7300804668542582, "features": [3022, 3532, 13149, 1565, 10910, 4596, 14430, 1111, 2905], "iou (train)": 0.6112283663993247, "iou (test)": 0.5132087036469507, "pr_auc (train)": 0.8667308942625823, "pr_auc (test)": 0.7460946432778344}}, "DIST2_12": {"eval_0": {"seed": 371816480, "fitness": 0.4275199031967609, "features": [24, 119], "iou (train)": 0.6146357838200739, "iou (test)": 0.5485030645921735, "pr_auc (train)": 0.8425068300365353, "pr_auc (test)": 0.7617180837919124}, "eval_1": {"seed": 52759742, "fitness": 0.4275199031967609, "features": [24, 119], "iou (train)": 0.6148407514645479, "iou (test)": 0.5347051068951683, "pr_auc (train)": 0.8430754050343063, "pr_auc (test)": 0.7372168921557047}, "eval_2": {"seed": 1299473586, "fitness": 0.4255525007438179, "features": [24, 10], "iou (train)": 0.6076073459251029, "iou (test)": 0.5470318574827366, "pr_auc (train)": 0.8404699301854431, "pr_auc (test)": 0.7502282150979959}, "eval_3": {"seed": 1082969229, "fitness": 0.37671063342481154, "features": [24], "iou (train)": 0.6086519114688129, "iou (test)": 0.5351896643265884, "pr_auc (train)": 0.8401615866821661, "pr_auc (test)": 0.7531246014884625}}, "NORPP4_12": {"eval_0": {"seed": 2003535379, "fitness": 2.0454468351838218, "features": [5919, 3719, 12443, 8121, 13434, 13922, 24, 7135, 8289, 11460, 6449, 11105], "iou (train)": 0.6571996027805362, "iou (test)": 0.5638410522209218, "pr_auc (train)": 0.867356038967655, "pr_auc (test)": 0.7374055466579521}, "eval_1": {"seed": 1936096571, "fitness": 1.9430711166851784, "features": [1333, 10041, 10871, 14019, 474, 10442, 13330, 22, 8688, 6855], "iou (train)": 0.6233847873157784, "iou (test)": 0.5421760766726055, "pr_auc (train)": 0.868041273638935, "pr_auc (test)": 0.7671965863005328}, "eval_2": {"seed": 457316659, "fitness": 1.6939342781395772, "features": [2663, 592, 12176, 8234, 10318, 7901, 2292, 7676, 10419, 12753], "iou (train)": 0.6432841769629334, "iou (test)": 0.5654658815379286, "pr_auc (train)": 0.8615285318819301, "pr_auc (test)": 0.7681735117842414}, "eval_3": {"seed": 1263918358, "fitness": 1.819469485219737, "features": [6697, 4017, 1454, 13158, 8765, 13031, 1341, 1242, 1423], "iou (train)": 0.6208618331053352, "iou (test)": 0.5346885710908876, "pr_auc (train)": 0.8599250761219907, "pr_auc (test)": 0.751021489942906}}, "CVIbased_12": {"eval_0": {"seed": 1875922666, "fitness": 2.0706049476420882, "features": [761, 1246, 1003, 790, 916, 231, 242, 660, 112, 770, 373, 987], "iou (train)": 0.5829630658150514, "iou (test)": 0.4934127979924718, "pr_auc (train)": 0.8297351580136841, "pr_auc (test)": 0.7121992592249944}, "eval_1": {"seed": 550029315, "fitness": 2.0146996428202097, "features": [144, 712, 1025, 1121, 131, 1187, 766, 1219, 854, 1191], "iou (train)": 0.6491565945012618, "iou (test)": 0.5562308303987277, "pr_auc (train)": 0.8678456910474837, "pr_auc (test)": 0.7613506827842395}, "eval_2": {"seed": 1662034644, "fitness": 2.0490760732541164, "features": [757, 1253, 278, 844, 977, 1108, 441, 241, 341, 24, 81], "iou (train)": 0.5905608755129959, "iou (test)": 0.5102450294886606, "pr_auc (train)": 0.8164177527521008, "pr_auc (test)": 0.7006589089079471}, "eval_3": {"seed": 1705383822, "fitness": 1.632530827082549, "features": [248, 600, 1185, 696, 830, 22, 561, 184], "iou (train)": 0.6307292014143705, "iou (test)": 0.5544802658427097, "pr_auc (train)": 0.8544707865043404, "pr_auc (test)": 0.7609117723882577}}, "NMDIbased_12": {"eval_0": {"seed": 1236547022, "fitness": 1.8727927433750626, "features": [134, 328, 338, 119, 1301, 387, 559, 242, 1021, 180, 217], "iou (train)": 0.6440689422102062, "iou (test)": 0.5422327898550725, "pr_auc (train)": 0.8686530625509639, "pr_auc (test)": 0.7542271176397043}, "eval_1": {"seed": 1767746195, "fitness": 2.0291222826907185, "features": [794, 1292, 43, 1222, 495, 24, 1174, 652, 902, 791, 1283, 250], "iou (train)": 0.6417478283758884, "iou (test)": 0.5641629791391299, "pr_auc (train)": 0.8638233572037664, "pr_auc (test)": 0.7744441454999129}, "eval_2": {"seed": 520829687, "fitness": 1.7839734117521944, "features": [145, 1067, 1124, 1221, 244, 205, 454, 394], "iou (train)": 0.6289906262736041, "iou (test)": 0.5367516301126259, "pr_auc (train)": 0.8617687781456624, "pr_auc (test)": 0.7506470448731741}, "eval_3": {"seed": 1271593183, "fitness": 1.7905608953009293, "features": [265, 846, 1177, 1124, 176, 142, 889, 812, 244], "iou (train)": 0.6508167449242775, "iou (test)": 0.5653633828467362, "pr_auc (train)": 0.865972906471622, "pr_auc (test)": 0.7655106963073027}}, "MCARIbased_12": {"eval_0": {"seed": 1383357074, "fitness": 1.9472450308341622, "features": [224, 506, 1250, 263, 402, 805, 404, 304, 1104, 1319, 543], "iou (train)": 0.6273874603495985, "iou (test)": 0.526947158991164, "pr_auc (train)": 0.8603086235460952, "pr_auc (test)": 0.7489141664053542}, "eval_1": {"seed": 1881769939, "fitness": 1.751059825614509, "features": [1137, 385, 525, 411, 1210, 860, 1036, 62, 922], "iou (train)": 0.6416710251046025, "iou (test)": 0.5445818418483567, "pr_auc (train)": 0.8593092616355651, "pr_auc (test)": 0.7501628726806548}, "eval_2": {"seed": 1349422444, "fitness": 2.12519026281823, "features": [238, 869, 234, 1233, 1161, 881, 993, 574, 646, 863, 411, 120], "iou (train)": 0.6219520666898228, "iou (test)": 0.5144423230892406, "pr_auc (train)": 0.8677187482533992, "pr_auc (test)": 0.7630000917266739}, "eval_3": {"seed": 1026105667, "fitness": 1.7304598716176367, "features": [844, 1233, 263, 242, 160, 911, 1272, 1105], "iou (train)": 0.6101930287460074, "iou (test)": 0.5189176386997454, "pr_auc (train)": 0.857326928078345, "pr_auc (test)": 0.7359930726462722}}, "HUE_12": {"eval_0": {"seed": 1760750686, "fitness": 2.5108935590208024, "features": [416, 592, 593, 261, 353, 559, 1006, 415, 247, 1070, 740, 79], "iou (train)": 0.6337904478821861, "iou (test)": 0.5389201158235394, "pr_auc (train)": 0.8613806639062622, "pr_auc (test)": 0.7476202306582983}, "eval_1": {"seed": 437568801, "fitness": 2.349275956129324, "features": [592, 151, 708, 1291, 110, 144, 102, 294, 501],